층대,유형,도로등급,상권등급,검증거래수,L7성립수,L7커버리지,L7_MdAPE,L7_적중률20,새사다리성립수,새사다리커버리지,새사다리_MdAPE,새사다리_적중률20,기존사다리성립수,기존사다리커버리지,기존사다리_MdAPE,기존사다리_적중률20,짝_새vs기존_거래수,짝_새_MdAPE,짝_기존_MdAPE,짝_새vsBASE_거래수,짝_새_MdAPE2,짝_BASE_MdAPE
전체,합계,,,2986,2003,0.670797,0.368896,0.321018,2906,0.973208,0.311619,0.376118,2791,0.934695,0.29056,0.389824,2791,0.297912,0.29056,2906,0.311619,0.383402
전체,큰길·밀집,큰길,밀집,612,581,0.949346,0.332708,0.314974,611,0.998366,0.262633,0.414075,545,0.890523,0.218515,0.47156,545,0.227098,0.218515,611,0.262633,0.317253
전체,큰길·일반상권,큰길,일반상권,158,127,0.803797,0.210985,0.496063,156,0.987342,0.275755,0.442308,155,0.981013,0.252275,0.464516,155,0.273444,0.252275,156,0.275755,0.314405
전체,큰길·상권밖,큰길,상권밖,472,422,0.894068,0.334094,0.381517,451,0.955508,0.288407,0.388027,430,0.911017,0.267431,0.393023,430,0.278448,0.267431,451,0.288407,0.36795
전체,중간·밀집,중간,밀집,365,314,0.860274,0.400666,0.289809,362,0.991781,0.212821,0.480663,353,0.967123,0.219368,0.458924,353,0.214841,0.219368,362,0.212821,0.349956
전체,중간·일반상권,중간,일반상권,210,108,0.514286,0.40225,0.259259,207,0.985714,0.447012,0.270531,205,0.97619,0.475224,0.292683,205,0.447012,0.475224,207,0.447012,0.51077
전체,중간·상권밖,중간,상권밖,396,343,0.866162,0.428701,0.276968,393,0.992424,0.347416,0.330789,379,0.957071,0.309189,0.348285,379,0.333567,0.309189,393,0.347416,0.419116
전체,골목길·밀집,골목길,밀집,103,54,0.524272,0.4187,0.222222,99,0.961165,0.330043,0.282828,99,0.961165,0.384117,0.272727,99,0.330043,0.384117,99,0.330043,0.4134
전체,골목길·일반상권,골목길,일반상권,114,52,0.45614,0.426083,0.192308,113,0.991228,0.488983,0.265487,111,0.973684,0.48661,0.279279,111,0.489261,0.48661,113,0.488983,0.460267
전체,골목길·상권밖,골목길,상권밖,73,2,0.027397,1.181646,0.0,72,0.986301,0.211616,0.486111,72,0.986301,0.211616,0.486111,72,0.211616,0.211616,72,0.211616,0.928208
전체,(유형 없음),,,483,0,0.0,,,442,0.915114,0.380732,0.323529,442,0.915114,0.380732,0.323529,442,0.380732,0.380732,442,0.380732,0.375479
1층,합계,,,828,471,0.568841,0.424393,0.225053,792,0.956522,0.431946,0.231061,739,0.892512,0.452441,0.240866,739,0.437385,0.452441,792,0.431946,0.435638
1층,큰길·밀집,큰길,밀집,112,96,0.857143,0.39511,0.21875,112,1.0,0.395126,0.205357,80,0.714286,0.538594,0.2125,80,0.441188,0.538594,112,0.395126,0.349224
1층,큰길·일반상권,큰길,일반상권,32,23,0.71875,0.282035,0.304348,32,1.0,0.432879,0.125,31,0.96875,0.496703,0.096774,31,0.428372,0.496703,32,0.432879,0.526828
1층,큰길·상권밖,큰길,상권밖,160,142,0.8875,0.454107,0.260563,158,0.9875,0.429627,0.253165,149,0.93125,0.414125,0.261745,149,0.426927,0.414125,158,0.429627,0.402215
1층,중간·밀집,중간,밀집,71,47,0.661972,0.354048,0.319149,70,0.985915,0.330801,0.328571,68,0.957746,0.446364,0.264706,68,0.345804,0.446364,70,0.330801,0.404481
1층,중간·일반상권,중간,일반상권,61,37,0.606557,0.645902,0.162162,59,0.967213,0.459559,0.355932,58,0.95082,0.444847,0.362069,58,0.442376,0.444847,59,0.459559,0.35812
1층,중간·상권밖,중간,상권밖,116,99,0.853448,0.509868,0.161616,116,1.0,0.470381,0.172414,108,0.931034,0.348132,0.259259,108,0.459964,0.348132,116,0.470381,0.453134
1층,골목길·밀집,골목길,밀집,33,17,0.515152,0.446251,0.235294,32,0.969697,0.426277,0.15625,32,0.969697,0.426277,0.15625,32,0.426277,0.426277,32,0.426277,0.477244
1층,골목길·일반상권,골목길,일반상권,40,9,0.225,0.560104,0.0,39,0.975,0.559053,0.153846,39,0.975,0.497501,0.153846,39,0.559053,0.497501,39,0.559053,0.471016
1층,골목길·상권밖,골목길,상권밖,11,1,0.090909,1.57674,0.0,10,0.909091,0.420706,0.1,10,0.909091,0.420706,0.1,10,0.420706,0.420706,10,0.420706,0.474943
1층,(유형 없음),,,192,0,0.0,,,164,0.854167,0.495714,0.243902,164,0.854167,0.495714,0.243902,164,0.495714,0.495714,164,0.495714,0.548746
2층,합계,,,574,314,0.547038,0.390427,0.257962,546,0.95122,0.311233,0.368132,527,0.918118,0.291265,0.366224,527,0.3,0.291265,546,0.311233,0.360529
2층,큰길·밀집,큰길,밀집,74,62,0.837838,0.464905,0.290323,73,0.986486,0.197662,0.506849,67,0.905405,0.240779,0.447761,67,0.193288,0.240779,73,0.197662,0.381955
2층,큰길·일반상권,큰길,일반상권,23,6,0.26087,0.233681,0.333333,22,0.956522,0.238984,0.409091,22,0.956522,0.218576,0.454545,22,0.238984,0.218576,22,0.238984,0.415896
2층,큰길·상권밖,큰길,상권밖,109,93,0.853211,0.332145,0.376344,96,0.880734,0.304303,0.375,88,0.807339,0.255319,0.352273,88,0.293232,0.255319,96,0.304303,0.359779
2층,중간·밀집,중간,밀집,37,27,0.72973,0.345078,0.185185,35,0.945946,0.242551,0.457143,34,0.918919,0.21336,0.470588,34,0.263341,0.21336,35,0.242551,0.222238
2층,중간·일반상권,중간,일반상권,47,23,0.489362,0.422418,0.043478,46,0.978723,0.346438,0.26087,46,0.978723,0.365474,0.26087,46,0.346438,0.365474,46,0.346438,0.476246
2층,중간·상권밖,중간,상권밖,86,66,0.767442,0.509808,0.151515,84,0.976744,0.383372,0.25,81,0.94186,0.379685,0.296296,81,0.379685,0.379685,84,0.383372,0.419803
2층,골목길·밀집,골목길,밀집,30,18,0.6,0.429296,0.277778,28,0.933333,0.278273,0.392857,28,0.933333,0.243132,0.392857,28,0.278273,0.243132,28,0.278273,0.378824
2층,골목길·일반상권,골목길,일반상권,35,19,0.542857,0.383581,0.263158,35,1.0,0.407176,0.314286,34,0.971429,0.355959,0.323529,34,0.389025,0.355959,35,0.407176,0.447287
2층,골목길·상권밖,골목길,상권밖,12,0,0.0,,,12,1.0,0.201101,0.5,12,1.0,0.201101,0.5,12,0.201101,0.201101,12,0.201101,0.860322
2층,(유형 없음),,,121,0,0.0,,,115,0.950413,0.330923,0.365217,115,0.950413,0.330923,0.365217,115,0.330923,0.330923,115,0.330923,0.277212
3층+,합계,,,1584,1218,0.768939,0.300383,0.374384,1568,0.989899,0.231797,0.452168,1525,0.962753,0.218515,0.470164,1525,0.227276,0.218515,1568,0.231797,0.363751
3층+,큰길·밀집,큰길,밀집,426,423,0.992958,0.278253,0.340426,426,1.0,0.231129,0.453052,398,0.934272,0.185382,0.527638,398,0.221223,0.185382,426,0.231129,0.291672
3층+,큰길·일반상권,큰길,일반상권,103,98,0.951456,0.168193,0.55102,102,0.990291,0.183238,0.54902,102,0.990291,0.164688,0.578431,102,0.183238,0.164688,102,0.183238,0.203159
3층+,큰길·상권밖,큰길,상권밖,203,187,0.921182,0.244595,0.475936,197,0.970443,0.19618,0.502538,193,0.950739,0.187041,0.512953,193,0.187041,0.187041,197,0.19618,0.348285
3층+,중간·밀집,중간,밀집,257,240,0.933852,0.436224,0.295833,257,1.0,0.172361,0.525292,251,0.976654,0.185923,0.50996,251,0.176715,0.185923,257,0.172361,0.343598
3층+,중간·일반상권,중간,일반상권,102,48,0.470588,0.22114,0.4375,102,1.0,0.51978,0.22549,101,0.990196,0.545,0.267327,101,0.520953,0.545,102,0.51978,0.733894
3층+,중간·상권밖,중간,상권밖,194,178,0.917526,0.379337,0.38764,193,0.994845,0.209902,0.46114,190,0.979381,0.235993,0.421053,190,0.206246,0.235993,193,0.209902,0.369046
3층+,골목길·밀집,골목길,밀집,40,19,0.475,0.415263,0.157895,39,0.975,0.267001,0.307692,39,0.975,0.451357,0.282051,39,0.267001,0.451357,39,0.267001,0.406318
3층+,골목길·일반상권,골목길,일반상권,39,24,0.615385,0.4262,0.208333,39,1.0,0.398688,0.333333,38,0.974359,0.434445,0.368421,38,0.438475,0.434445,39,0.398688,0.455981
3층+,골목길·상권밖,골목길,상권밖,50,1,0.02,0.786551,0.0,50,1.0,0.145262,0.56,50,1.0,0.145262,0.56,50,0.145262,0.145262,50,0.145262,0.950546
3층+,(유형 없음),,,170,0,0.0,,,163,0.958824,0.295345,0.374233,163,0.958824,0.295345,0.374233,163,0.295345,0.295345,163,0.295345,0.389944
