단계,축,축값,축값이름,검증거래수,추정성립수,커버리지,MdAPE,MAPE,적중률20
L2,전체,전체,전체,2833,931,0.328627,0.129032,0.303856,0.643394
L2,시도,11,서울특별시,2439,775,0.317753,0.121259,0.290434,0.668387
L2,시도,30,대전광역시,394,156,0.395939,0.185283,0.370532,0.519231
L2,구,11110,종로구,121,21,0.173554,0.181237,0.196883,0.571429
L2,구,11140,중구,252,103,0.40873,0.089288,0.122,0.825243
L2,구,11170,용산구,206,69,0.334951,0.129032,0.146123,0.73913
L2,구,11200,성동구,41,10,0.243902,0.172241,0.377084,0.5
L2,구,11215,광진구,70,16,0.228571,0.190487,0.235433,0.5625
L2,구,11230,동대문구,59,25,0.423729,0.124014,0.210228,0.6
L2,구,11260,중랑구,62,11,0.177419,0.1,0.179675,0.636364
L2,구,11290,성북구,40,6,0.15,0.094203,0.162098,0.833333
L2,구,11305,강북구,18,3,0.166667,0.130647,0.221889,0.666667
L2,구,11320,도봉구,43,11,0.255814,0.125874,0.236982,0.636364
L2,구,11350,노원구,54,13,0.240741,0.191637,0.537309,0.538462
L2,구,11380,은평구,65,16,0.246154,0.201068,0.295057,0.4375
L2,구,11410,서대문구,36,15,0.416667,0.189482,0.243947,0.533333
L2,구,11440,마포구,77,17,0.220779,0.046325,0.0967,0.823529
L2,구,11470,양천구,85,24,0.282353,0.102396,0.227606,0.708333
L2,구,11500,강서구,158,54,0.341772,0.15294,0.77291,0.666667
L2,구,11530,구로구,141,24,0.170213,0.137536,0.227186,0.666667
L2,구,11545,금천구,98,43,0.438776,0.06192,0.153942,0.837209
L2,구,11560,영등포구,133,58,0.43609,0.094009,0.801151,0.706897
L2,구,11590,동작구,27,7,0.259259,0.107731,0.18284,0.571429
L2,구,11620,관악구,84,36,0.428571,0.496742,0.456868,0.194444
L2,구,11650,서초구,117,50,0.42735,0.087726,0.164408,0.72
L2,구,11680,강남구,249,76,0.305221,0.107729,0.160131,0.710526
L2,구,11710,송파구,119,44,0.369748,0.146789,0.252868,0.590909
L2,구,11740,강동구,84,23,0.27381,0.214398,0.317288,0.478261
L2,구,30110,동구,69,30,0.434783,0.197588,0.164957,0.5
L2,구,30140,중구,41,5,0.121951,0.072514,0.141253,0.6
L2,구,30170,서구,161,75,0.465839,0.15,0.234937,0.573333
L2,구,30200,유성구,88,22,0.25,0.399583,0.612707,0.363636
L2,구,30230,대덕구,35,24,0.685714,0.254354,0.877008,0.5
L2,층대,1층,1층,777,185,0.238095,0.252275,0.535049,0.405405
L2,층대,2층,2층,533,174,0.326454,0.158561,0.42159,0.626437
L2,층대,3층+,3층+,1523,572,0.375575,0.094203,0.193267,0.725524
L4,전체,전체,전체,2833,488,0.172256,0.155275,0.292436,0.584016
L4,시도,11,서울특별시,2439,373,0.152932,0.136878,0.263767,0.608579
L4,시도,30,대전광역시,394,115,0.291878,0.197009,0.38542,0.504348
L4,구,11110,종로구,121,8,0.066116,0.245576,0.545284,0.25
L4,구,11140,중구,252,60,0.238095,0.113778,0.149892,0.866667
L4,구,11170,용산구,206,9,0.043689,0.08128,0.196621,0.666667
L4,구,11200,성동구,41,2,0.04878,0.136765,0.136765,1.0
L4,구,11215,광진구,70,4,0.057143,0.384992,0.507504,0.25
L4,구,11230,동대문구,59,18,0.305085,0.095446,0.134941,0.777778
L4,구,11260,중랑구,62,1,0.016129,0.450061,0.450061,0.0
L4,구,11290,성북구,40,1,0.025,0.718531,0.718531,0.0
L4,구,11305,강북구,18,2,0.111111,0.283646,0.283646,0.5
L4,구,11320,도봉구,43,1,0.023256,0.514461,0.514461,0.0
L4,구,11350,노원구,54,5,0.092593,0.237176,0.571192,0.4
L4,구,11380,은평구,65,6,0.092308,0.200281,0.218185,0.5
L4,구,11410,서대문구,36,5,0.138889,0.071429,0.058818,1.0
L4,구,11440,마포구,77,5,0.064935,0.046266,0.049576,1.0
L4,구,11470,양천구,85,15,0.176471,0.092107,0.320433,0.6
L4,구,11500,강서구,158,31,0.196203,0.185185,0.197455,0.548387
L4,구,11530,구로구,141,10,0.070922,0.124287,0.210257,0.7
L4,구,11545,금천구,98,34,0.346939,0.059991,0.084181,0.941176
L4,구,11560,영등포구,133,35,0.263158,0.141043,0.33486,0.571429
L4,구,11590,동작구,27,0,0.0,,,
L4,구,11620,관악구,84,26,0.309524,0.601093,0.573031,0.0
L4,구,11650,서초구,117,26,0.222222,0.166526,0.229321,0.576923
L4,구,11680,강남구,249,36,0.144578,0.089767,0.208369,0.638889
L4,구,11710,송파구,119,24,0.201681,0.351728,0.382726,0.375
L4,구,11740,강동구,84,9,0.107143,0.302612,0.712189,0.222222
L4,구,30110,동구,69,23,0.333333,0.030021,0.141234,0.521739
L4,구,30140,중구,41,2,0.04878,0.039145,0.039145,1.0
L4,구,30170,서구,161,55,0.341615,0.232414,0.31639,0.472727
L4,구,30200,유성구,88,14,0.159091,0.278448,0.355002,0.357143
L4,구,30230,대덕구,35,21,0.6,0.158805,0.886914,0.619048
L4,층대,1층,1층,777,105,0.135135,0.232414,0.383481,0.47619
L4,층대,2층,2층,533,84,0.157598,0.167688,0.291168,0.583333
L4,층대,3층+,3층+,1523,299,0.196323,0.130289,0.260819,0.622074
L5,전체,전체,전체,2833,845,0.29827,0.271899,0.6081,0.417751
L5,시도,11,서울특별시,2439,684,0.280443,0.27279,0.593406,0.419591
L5,시도,30,대전광역시,394,161,0.408629,0.271899,0.670528,0.409938
L5,구,11110,종로구,121,8,0.066116,0.476294,1.198444,0.375
L5,구,11140,중구,252,85,0.337302,0.178375,0.344927,0.576471
L5,구,11170,용산구,206,56,0.271845,0.327243,0.614398,0.285714
L5,구,11200,성동구,41,9,0.219512,0.562378,0.815898,0.111111
L5,구,11215,광진구,70,6,0.085714,0.598235,0.604572,0.0
L5,구,11230,동대문구,59,24,0.40678,0.350661,0.710415,0.25
L5,구,11260,중랑구,62,7,0.112903,0.899771,1.268909,0.0
L5,구,11290,성북구,40,1,0.025,0.423769,0.423769,0.0
L5,구,11305,강북구,18,2,0.111111,0.278334,0.278334,0.5
L5,구,11320,도봉구,43,9,0.209302,0.490672,0.543601,0.222222
L5,구,11350,노원구,54,5,0.092593,0.237176,0.327273,0.4
L5,구,11380,은평구,65,17,0.261538,0.509799,0.945365,0.294118
L5,구,11410,서대문구,36,8,0.222222,0.120868,0.345743,0.625
L5,구,11440,마포구,77,18,0.233766,0.167641,0.283635,0.5
L5,구,11470,양천구,85,26,0.305882,0.379244,0.441361,0.269231
L5,구,11500,강서구,158,73,0.462025,0.161221,0.274776,0.630137
L5,구,11530,구로구,141,28,0.198582,0.317637,0.675661,0.357143
L5,구,11545,금천구,98,40,0.408163,0.080515,0.171975,0.725
L5,구,11560,영등포구,133,84,0.631579,0.269558,1.351681,0.440476
L5,구,11590,동작구,27,3,0.111111,0.570054,0.666388,0.0
L5,구,11620,관악구,84,2,0.02381,0.764887,0.764887,0.0
L5,구,11650,서초구,117,38,0.324786,0.277387,0.332553,0.447368
L5,구,11680,강남구,249,85,0.341365,0.342586,0.476789,0.352941
L5,구,11710,송파구,119,31,0.260504,0.453231,0.621311,0.258065
L5,구,11740,강동구,84,19,0.22619,0.274382,0.915587,0.210526
L5,구,30110,동구,69,4,0.057971,0.790515,0.753227,0.25
L5,구,30140,중구,41,8,0.195122,0.658519,1.933452,0.25
L5,구,30170,서구,161,94,0.583851,0.254846,0.491434,0.393617
L5,구,30200,유성구,88,31,0.352273,0.278448,0.753862,0.451613
L5,구,30230,대덕구,35,24,0.685714,0.208466,0.829583,0.5
L5,층대,1층,1층,777,274,0.352638,0.446364,0.765277,0.255474
L5,층대,2층,2층,533,171,0.320826,0.291563,0.863744,0.391813
L5,층대,3층+,3층+,1523,400,0.26264,0.182015,0.391146,0.54
L6,전체,전체,전체,2833,2694,0.950935,0.308437,0.53375,0.360059
L6,시도,11,서울특별시,2439,2321,0.95162,0.318865,0.527114,0.351142
L6,시도,30,대전광역시,394,373,0.946701,0.269667,0.575042,0.41555
L6,구,11110,종로구,121,114,0.942149,0.70919,0.592806,0.166667
L6,구,11140,중구,252,211,0.837302,0.128088,0.291772,0.649289
L6,구,11170,용산구,206,188,0.912621,0.312708,0.58831,0.37234
L6,구,11200,성동구,41,38,0.926829,0.516949,0.981259,0.184211
L6,구,11215,광진구,70,65,0.928571,0.277941,0.524514,0.415385
L6,구,11230,동대문구,59,58,0.983051,0.310554,0.82095,0.258621
L6,구,11260,중랑구,62,62,1.0,0.316321,0.508489,0.322581
L6,구,11290,성북구,40,31,0.775,0.423769,1.548666,0.096774
L6,구,11305,강북구,18,18,1.0,0.441132,0.549578,0.277778
L6,구,11320,도봉구,43,43,1.0,0.377672,0.676179,0.325581
L6,구,11350,노원구,54,54,1.0,0.266929,0.455334,0.351852
L6,구,11380,은평구,65,65,1.0,0.280026,0.524074,0.353846
L6,구,11410,서대문구,36,34,0.944444,0.294383,0.36701,0.382353
L6,구,11440,마포구,77,74,0.961039,0.303057,0.408577,0.405405
L6,구,11470,양천구,85,85,1.0,0.343014,0.582636,0.294118
L6,구,11500,강서구,158,158,1.0,0.181035,0.375141,0.563291
L6,구,11530,구로구,141,119,0.843972,0.557333,0.595122,0.168067
L6,구,11545,금천구,98,98,1.0,0.238813,0.316967,0.408163
L6,구,11560,영등포구,133,129,0.969925,0.32347,0.675254,0.364341
L6,구,11590,동작구,27,26,0.962963,0.374859,0.531038,0.269231
L6,구,11620,관악구,84,83,0.988095,0.265117,0.348843,0.313253
L6,구,11650,서초구,117,117,1.0,0.462348,0.511594,0.213675
L6,구,11680,강남구,249,249,1.0,0.380471,0.428003,0.325301
L6,구,11710,송파구,119,119,1.0,0.375982,0.618807,0.252101
L6,구,11740,강동구,84,83,0.988095,0.508772,0.773554,0.277108
L6,구,30110,동구,69,61,0.884058,0.272891,0.341705,0.311475
L6,구,30140,중구,41,39,0.95122,0.482695,0.812635,0.076923
L6,구,30170,서구,161,161,1.0,0.263502,0.599953,0.459627
L6,구,30200,유성구,88,81,0.920455,0.187906,0.451016,0.518519
L6,구,30230,대덕구,35,31,0.885714,0.183004,0.929975,0.548387
L6,층대,1층,1층,777,723,0.930502,0.495205,0.766503,0.22545
L6,층대,2층,2층,533,495,0.928705,0.315385,0.59854,0.335354
L6,층대,3층+,3층+,1523,1476,0.96914,0.25,0.39801,0.434282
BASE,전체,전체,전체,2833,2833,1.0,0.383276,0.590946,0.289799
BASE,시도,11,서울특별시,2439,2439,1.0,0.391461,0.588287,0.277573
BASE,시도,30,대전광역시,394,394,1.0,0.305736,0.607408,0.365482
BASE,구,11110,종로구,121,121,1.0,0.42784,0.502886,0.157025
BASE,구,11140,중구,252,252,1.0,0.436293,0.662048,0.178571
BASE,구,11170,용산구,206,206,1.0,0.41271,0.481689,0.194175
BASE,구,11200,성동구,41,41,1.0,0.386914,1.637371,0.365854
BASE,구,11215,광진구,70,70,1.0,0.23733,0.468667,0.457143
BASE,구,11230,동대문구,59,59,1.0,0.3854,0.629434,0.135593
BASE,구,11260,중랑구,62,62,1.0,0.192022,0.342275,0.532258
BASE,구,11290,성북구,40,40,1.0,0.278579,1.421316,0.325
BASE,구,11305,강북구,18,18,1.0,0.40182,0.631041,0.333333
BASE,구,11320,도봉구,43,43,1.0,0.386848,0.634792,0.302326
BASE,구,11350,노원구,54,54,1.0,0.360214,0.489569,0.259259
BASE,구,11380,은평구,65,65,1.0,0.303577,0.484313,0.307692
BASE,구,11410,서대문구,36,36,1.0,0.327906,0.37958,0.361111
BASE,구,11440,마포구,77,77,1.0,0.320307,0.412088,0.363636
BASE,구,11470,양천구,85,85,1.0,0.387102,0.681349,0.329412
BASE,구,11500,강서구,158,158,1.0,0.187166,0.508161,0.531646
BASE,구,11530,구로구,141,141,1.0,0.650489,0.787169,0.12766
BASE,구,11545,금천구,98,98,1.0,0.247332,0.377992,0.428571
BASE,구,11560,영등포구,133,133,1.0,0.426047,0.885959,0.330827
BASE,구,11590,동작구,27,27,1.0,0.408446,0.40801,0.259259
BASE,구,11620,관악구,84,84,1.0,0.272076,0.348226,0.309524
BASE,구,11650,서초구,117,117,1.0,0.424098,0.519012,0.119658
BASE,구,11680,강남구,249,249,1.0,0.507752,0.579558,0.172691
BASE,구,11710,송파구,119,119,1.0,0.380915,0.506996,0.369748
BASE,구,11740,강동구,84,84,1.0,0.364231,0.489252,0.333333
BASE,구,30110,동구,69,69,1.0,0.241541,0.436853,0.42029
BASE,구,30140,중구,41,41,1.0,0.490688,0.563814,0.121951
BASE,구,30170,서구,161,161,1.0,0.251945,0.606497,0.447205
BASE,구,30200,유성구,88,88,1.0,0.394408,0.557188,0.272727
BASE,구,30230,대덕구,35,35,1.0,0.253525,1.12517,0.4
BASE,층대,1층,1층,777,777,1.0,0.482344,0.712775,0.212355
BASE,층대,2층,2층,533,533,1.0,0.376139,0.725633,0.288931
BASE,층대,3층+,3층+,1523,1523,1.0,0.349637,0.481656,0.329613
