구분,축값,축값이름,검증거래수,추정성립수,커버리지,MdAPE,MAPE,적중률20
전체,전체,전체,2833,2714,0.957995,0.275569,0.492889,0.403095
시도,11,서울특별시,2439,2341,0.95982,0.279712,0.491582,0.403246
시도,30,대전광역시,394,373,0.946701,0.260374,0.501096,0.402145
구,11110,종로구,121,115,0.950413,0.70919,0.583351,0.156522
구,11140,중구,252,213,0.845238,0.133708,0.30481,0.600939
구,11170,용산구,206,202,0.980583,0.260994,0.535018,0.410891
구,11200,성동구,41,39,0.95122,0.561711,1.046286,0.153846
구,11215,광진구,70,65,0.928571,0.30007,0.502027,0.446154
구,11230,동대문구,59,58,0.983051,0.306867,0.66889,0.327586
구,11260,중랑구,62,62,1.0,0.310694,0.502685,0.354839
구,11290,성북구,40,31,0.775,0.373281,1.510971,0.258065
구,11305,강북구,18,18,1.0,0.387538,0.517452,0.333333
구,11320,도봉구,43,43,1.0,0.402455,0.651444,0.372093
구,11350,노원구,54,54,1.0,0.227963,0.373757,0.425926
구,11380,은평구,65,65,1.0,0.256828,0.545492,0.369231
구,11410,서대문구,36,35,0.972222,0.338367,0.355969,0.428571
구,11440,마포구,77,74,0.961039,0.236321,0.369002,0.445946
구,11470,양천구,85,85,1.0,0.279597,0.519193,0.376471
구,11500,강서구,158,158,1.0,0.179004,0.518655,0.588608
구,11530,구로구,141,119,0.843972,0.53339,0.468827,0.260504
구,11545,금천구,98,98,1.0,0.218408,0.316521,0.469388
구,11560,영등포구,133,130,0.977444,0.180541,0.57192,0.530769
구,11590,동작구,27,26,0.962963,0.380946,0.456394,0.307692
구,11620,관악구,84,83,0.988095,0.311101,0.406926,0.26506
구,11650,서초구,117,117,1.0,0.297738,0.350509,0.410256
구,11680,강남구,249,249,1.0,0.296244,0.372955,0.39759
구,11710,송파구,119,119,1.0,0.299867,0.540318,0.319328
구,11740,강동구,84,83,0.988095,0.407042,0.682976,0.337349
구,30110,동구,69,61,0.884058,0.230428,0.274605,0.344262
구,30140,중구,41,39,0.95122,0.402856,0.777587,0.102564
구,30170,서구,161,161,1.0,0.245615,0.530861,0.428571
구,30200,유성구,88,81,0.920455,0.187906,0.393321,0.506173
구,30230,대덕구,35,31,0.885714,0.202216,0.725951,0.483871
층대,1층,1층,777,725,0.933076,0.456017,0.767399,0.226207
층대,2층,2층,533,511,0.958724,0.275705,0.53858,0.401174
층대,3층+,3층+,1523,1478,0.970453,0.203364,0.342438,0.490528
채택단계,L2,L2,931,931,1.0,0.129032,0.303856,0.643394
채택단계,L4,L4,62,62,1.0,0.297687,0.425055,0.290323
채택단계,L5,L5,326,326,1.0,0.396917,0.661716,0.291411
채택단계,L6,L6,1395,1395,1.0,0.394065,0.582609,0.273835
채택단계,no_estimate,no_estimate,119,0,0.0,,,
