sigungu_code,sigungu_nm,n_paired,ladder_mdape,base_mdape,gate_pass
11110,종로구,115,0.70919,0.42784,false
11140,중구,213,0.133708,0.542567,true
11170,용산구,202,0.260994,0.410659,true
11200,성동구,39,0.561711,0.386914,false
11215,광진구,65,0.30007,0.24125,false
11230,동대문구,58,0.306867,0.383726,false
11260,중랑구,62,0.310694,0.192022,false
11290,성북구,31,0.373281,0.293817,false
11305,강북구,18,0.387538,0.40182,false
11320,도봉구,43,0.402455,0.386848,false
11350,노원구,54,0.227963,0.360214,true
11380,은평구,65,0.256828,0.303577,true
11410,서대문구,35,0.338367,0.323528,false
11440,마포구,74,0.236321,0.316271,true
11470,양천구,85,0.279597,0.387102,true
11500,강서구,158,0.179004,0.187166,true
11530,구로구,119,0.53339,0.683915,false
11545,금천구,98,0.218408,0.247332,true
11560,영등포구,130,0.180541,0.420057,true
11590,동작구,26,0.380946,0.408918,false
11620,관악구,83,0.311101,0.266827,false
11650,서초구,117,0.297738,0.424098,true
11680,강남구,249,0.296244,0.507752,true
11710,송파구,119,0.299867,0.380915,true
11740,강동구,83,0.407042,0.368461,false
30110,동구,61,0.230428,0.201687,false
30140,중구,39,0.402856,0.447663,false
30170,서구,161,0.245615,0.251945,true
30200,유성구,81,0.187906,0.386178,true
30230,대덕구,31,0.202216,0.225634,true
